engine_name,workload,batch_size,palette_multiplier,parlay_threads,update_seconds_mean,update_seconds_std,update_seconds_count,repair_seconds_mean,repair_seconds_std,repair_seconds_count,active_build_seconds_mean,active_build_seconds_std,active_build_seconds_count,throughput_updates_per_second_mean,throughput_updates_per_second_std,throughput_updates_per_second_count,vertices_touched_total_mean,vertices_touched_total_std,vertices_touched_total_count,accepted_ratio_mean,accepted_ratio_std,accepted_ratio_count,fallback_count_mean,fallback_count_std,fallback_count_count,full_fallback_count_mean,full_fallback_count_std,full_fallback_count_count,total_rounds_mean,total_rounds_std,total_rounds_count,repair_rounds_total_mean,repair_rounds_total_std,repair_rounds_total_count,recolor_calls_mean,recolor_calls_std,recolor_calls_count
par_exact,batch_valid,16,,,0.04006863,0.025496044945792846,10,,,0,,,0,33421.92,13800.698568454183,10,512.4,3.864367132317179,10,1.0,0.0,10,0.0,0.0,10,,,0,,,0,64.0,0.0,10,,,0
par_exact,batch_valid,64,,1.0,1.38296,0.004452156780707476,3,,,0,,,0,11847.133333333333,38.11578850467822,3,6316.0,39.736632972611055,3,1.0,0.0,3,0.0,0.0,3,,,0,,,0,256.0,0.0,3,,,0
par_exact,batch_valid,64,,2.0,1.4314333333333333,0.007829599819488407,3,,,0,,,0,11446.1,62.786861682998165,3,6316.0,39.736632972611055,3,1.0,0.0,3,0.0,0.0,3,,,0,,,0,256.0,0.0,3,,,0
par_exact,batch_valid,64,,4.0,1.44588,0.004605399005515121,3,,,0,,,0,11331.6,36.1249221452447,3,6316.0,39.736632972611055,3,1.0,0.0,3,0.0,0.0,3,,,0,,,0,256.0,0.0,3,,,0
par_exact,batch_valid,64,,8.0,1.4697766666666665,0.009526050248310337,3,,,0,,,0,11147.6,72.50510326866609,3,6316.0,39.736632972611055,3,1.0,0.0,3,0.0,0.0,3,,,0,,,0,256.0,0.0,3,,,0
par_exact,conflict_heavy,1,,,0.3812043,0.021954425036374292,10,,,0,,,0,2631.118,151.59970776870108,10,1000.0,0.0,10,1.0,0.0,10,0.0,0.0,10,,,0,,,0,1000.0,0.0,10,,,0
par_exact,conflict_heavy,16,,,0.034684139999999995,0.020050091172095285,10,,,0,,,0,35344.31,11196.321807773402,10,1015.5,1.354006400772654,10,1.0,0.0,10,0.0,0.0,10,,,0,,,0,66.6,0.9660917830792938,10,,,0
par_exact,conflict_heavy,64,,1.0,3.9510750000000003,0.048019621510378536,2,,,0,,,0,4147.02,50.4025713629766,2,16324.0,12.727922061357855,2,1.0,0.0,2,0.0,0.0,2,,,0,,,0,273.5,2.1213203435596424,2,,,0
par_exact,conflict_heavy,64,,2.0,1.4249866666666666,0.0012132738080636622,3,,,0,,,0,11497.633333333333,9.751581068388248,3,16313.333333333334,20.550750189064704,3,1.0,0.0,3,0.0,0.0,3,,,0,,,0,272.3333333333333,2.5166114784235765,3,,,0
par_exact,conflict_heavy,64,,4.0,1.5761566666666667,0.0011898039054119116,3,,,0,,,0,10394.9,7.830708780180714,3,16313.333333333334,20.550750189064704,3,1.0,0.0,3,0.0,0.0,3,,,0,,,0,272.3333333333333,2.5166114784235765,3,,,0
par_exact,conflict_heavy,64,,8.0,2.4979899999999997,0.8129350647704484,4,,,0,,,0,6978.2975,1719.6734377467328,4,16308.0,19.88299105600923,4,1.0,0.0,4,0.0,0.0,4,,,0,,,0,271.75,2.3629078131262973,4,,,0
par_exact,mixed_valid,1,,,0.12848120000000002,0.020825982643483284,10,,,0,,,0,7938.918,1085.0687687658838,10,345.1,0.8755950357709077,10,1.0,0.0,10,0.0,0.0,10,,,0,,,0,345.1,0.8755950357709077,10,,,0
par_exact,valid_insertions,1,,,0.3777437,0.021173762852748787,10,,,0,,,0,2654.79,148.63877152344872,10,505.4,5.253570214625481,10,1.0,0.0,10,0.0,0.0,10,,,0,,,0,505.4,5.253570214625481,10,,,0
par_relaxed,batch_valid,16,4.0,,0.01711564,0.017710011264580147,10,0.001529845,0.0001199328505873182,10,0.001078323,4.4794766323757054e-05,10,81551.83,23330.582981859763,10,677.7,6.129165250396394,10,1.0,0.0,10,0.0,0.0,10,,,0,61.8,1.3165611772087669,10,,,0,,,0
par_relaxed,batch_valid,64,2.0,,1.0071244285714285,0.10546927413842243,7,0.027335614285714287,0.035220058334441015,7,0.053497928571428564,0.07400752793891341,7,16454.842857142856,2085.9362141551233,7,7901.285714285715,20.418245808706487,7,1.0,0.0,7,0.0,0.0,7,,,0,255.85714285714286,0.37796447300922814,7,,,0,,,0
par_relaxed,batch_valid,64,4.0,1.0,0.5857533333333333,0.028003497180411827,3,0.013880666666666666,6.320445659392337e-05,3,0.025509633333333333,0.0001534331885001843,3,28012.399999999998,1304.2980794281652,3,7776.0,28.160255680657446,3,1.0,0.0,3,0.0,0.0,3,,,0,255.0,0.0,3,,,0,,,0
par_relaxed,batch_valid,64,4.0,2.0,0.5798606666666667,0.003670041598311028,3,0.013896499999999999,8.674693078144073e-05,3,0.025367266666666666,0.00033216889278397656,3,28255.8,178.9210999295519,3,7776.0,28.160255680657446,3,1.0,0.0,3,0.0,0.0,3,,,0,255.0,0.0,3,,,0,,,0
par_relaxed,batch_valid,64,4.0,4.0,0.590302,0.005368059984761734,3,0.0138213,3.790237459579575e-05,3,0.025688833333333338,0.001089842614019718,3,27756.833333333332,253.7123830902495,3,7776.0,28.160255680657446,3,1.0,0.0,3,0.0,0.0,3,,,0,255.0,0.0,3,,,0,,,0
par_relaxed,batch_valid,64,4.0,8.0,0.6070190000000001,0.013234339008805775,3,0.021182500000000003,0.01274183849999677,3,0.032873966666666664,0.012859669225269106,3,26999.399999999998,584.8784574593259,3,7776.0,28.160255680657446,3,1.0,0.0,3,0.0,0.0,3,,,0,255.0,0.0,3,,,0,,,0
par_relaxed,batch_valid,64,4.0,,1.04993,0.02510048405907735,3,0.013827266666666666,2.4301920363076956e-05,3,0.0585376,0.05726370315103626,3,15610.933333333334,378.33644198429175,3,7776.0,28.160255680657446,3,1.0,0.0,3,0.0,0.0,3,,,0,255.0,0.0,3,,,0,,,0
par_relaxed,batch_valid,64,8.0,,1.0671966666666666,0.04181709259780424,3,0.013779366666666668,4.9652022449577325e-05,3,0.0254809,0.0002448028390358263,3,15368.133333333333,604.3540877112804,3,7739.333333333333,39.954140377855005,3,1.0,0.0,3,0.0,0.0,3,,,0,255.33333333333334,0.5773502691896278,3,,,0,,,0
par_relaxed,batch_valid,64,16.0,,0.9137183333333333,0.16168580637870883,3,0.07951266666666666,0.113828106609147,3,0.12259713333333333,0.09850795974464872,3,18291.766666666666,3068.12092547431,3,7699.666666666667,51.003267869160325,3,1.0,0.0,3,0.0,0.0,3,,,0,255.33333333333334,0.5773502691896278,3,,,0,,,0
par_relaxed,conflict_heavy,1,4.0,,0.068065,0.017248707049708583,10,0.0025360310000000002,2.1311696553770612e-05,10,0.001717619,3.1356276865866675e-05,10,15419.525,3237.3424235568764,10,2000.0,0.0,10,1.0,0.0,10,0.0,0.0,10,,,0,1000.0,0.0,10,,,0,,,0
par_relaxed,conflict_heavy,16,4.0,,0.0313974,0.028510720367375265,10,0.008344344,0.01964562086448004,10,0.0009447639,7.207907222465247e-05,10,56505.490000000005,29260.30689181544,10,2004.4,2.0655911179773003,10,1.0,0.0,10,0.0,0.0,10,,,0,64.7,0.48304589153964644,10,,,0,,,0
par_relaxed,conflict_heavy,64,2.0,,54.5554,2.507420473315156,3,2.4296633333333335,1.3741000910171477,3,2.1594200000000003,0.9404006162801045,3,300.749,14.053164341172398,3,32507.666666666668,4.932882862316769,3,1.0,0.0,3,0.0,0.0,3,,,0,271.0,2.6457513110645907,3,,,0,,,0
par_relaxed,conflict_heavy,64,4.0,1.0,0.6442286666666667,0.008922981359015252,3,0.030904333333333336,9.116278480462025e-05,3,0.024758199999999998,0.00027910730911246323,3,25435.2,349.67883836457713,3,32507.666666666668,6.110100926608283,3,1.0,0.0,3,0.0,0.0,3,,,0,272.6666666666667,4.725815626252614,3,,,0,,,0
par_relaxed,conflict_heavy,64,4.0,2.0,0.7309776666666666,0.006522794212094543,3,0.030848533333333334,0.00020393816056180568,3,0.024730566666666665,0.0003029929757161602,3,22415.0,200.91582814701135,3,32507.666666666668,6.110100926608283,3,1.0,0.0,3,0.0,0.0,3,,,0,272.6666666666667,4.725815626252614,3,,,0,,,0
par_relaxed,conflict_heavy,64,4.0,4.0,1.0191366666666666,0.02178904388295491,3,0.0650477,0.0340058587280192,3,0.05792803333333333,0.03257009351879932,3,16081.233333333332,341.32990395412605,3,32507.666666666668,6.110100926608283,3,1.0,0.0,3,0.0,0.0,3,,,0,272.6666666666667,4.725815626252614,3,,,0,,,0
par_relaxed,conflict_heavy,64,4.0,8.0,1.8684,0.05203846942407123,3,0.0311604,0.00014780010148846356,3,0.0678045,0.03707806302640417,3,8773.613333333335,248.2175772046238,3,32507.666666666668,6.110100926608283,3,1.0,0.0,3,0.0,0.0,3,,,0,272.6666666666667,4.725815626252614,3,,,0,,,0
par_relaxed,conflict_heavy,64,4.0,,52.1261,1.3179652764773404,3,1.697661,0.9846710411772045,3,2.2889166666666667,0.989533268078104,3,314.44966666666664,8.008335927852517,3,32507.666666666668,6.110100926608283,3,1.0,0.0,3,0.0,0.0,3,,,0,272.6666666666667,4.725815626252614,3,,,0,,,0
par_relaxed,conflict_heavy,64,8.0,,61.73836666666667,5.599449146419078,3,1.3467326666666668,0.5976985845067171,3,0.9334596666666667,0.4173969430773701,3,266.84766666666667,24.341586725875807,3,32493.666666666668,13.576941236278058,3,1.0,0.0,3,0.0,0.0,3,,,0,273.0,2.0,3,,,0,,,0
par_relaxed,conflict_heavy,64,16.0,1.0,55.0994,,1,1.60585,,1,1.50827,,1,297.354,,1,29373.0,,1,1.0,,1,0.0,,1,,,0,251.0,,1,,,0,,,0
par_relaxed,conflict_heavy,64,16.0,,56.0553,1.3444928337481006,2,2.000175,0.27937081817899295,2,0.960909,0.07543556563054334,2,292.367,7.013085055808183,2,28921.0,165.46298679765212,2,1.0,0.0,2,0.0,0.0,2,,,0,244.0,5.656854249492381,2,,,0,,,0
par_relaxed,mixed_valid,1,4.0,,0.039085510000000004,0.030222925509452075,10,0.0005324901,1.771056639692813e-05,10,0.00042556019999999997,1.513542370878479e-05,10,43274.29,25652.489609282242,10,507.0,3.559026084010439,10,1.0,0.0,10,0.0,0.0,10,,,0,253.5,1.7795130420052194,10,,,0,,,0
par_relaxed,valid_insertions,1,2.0,,5.882285714285715,0.10738634315050537,7,0.08052305714285714,0.10470824802647047,7,0.03570087142857143,0.029167203320037062,7,1700.5128571428572,31.492155485816742,7,6764.0,3.4641016151377544,7,1.0,0.0,7,0.0,0.0,7,,,0,3382.0,1.7320508075688772,7,,,0,,,0
par_relaxed,valid_insertions,1,4.0,,1.401383692307692,2.535035742869411,13,0.007664872,0.013029986625182921,13,0.025847909615384617,0.07733511326472839,13,12824.415384615384,7539.305781130886,13,2066.4615384615386,2649.54249558248,13,1.0,0.0,13,0.0,0.0,13,,,0,1033.2307692307693,1324.77124779124,13,,,0,,,0
par_relaxed,valid_insertions,1,8.0,,5.922969999999999,0.08656433214667617,3,0.030362666666666666,0.0002533482649108408,3,0.18935543333333335,0.15147332046490344,3,1688.5866666666668,24.883734312464625,3,6694.0,20.8806130178211,3,1.0,0.0,3,0.0,0.0,3,,,0,3347.0,10.44030650891055,3,,,0,,,0
par_relaxed,valid_insertions,1,16.0,,5.967136666666666,0.06701597446380482,3,0.0305571,0.00019308661268974798,3,0.024431733333333334,0.0002634645390433669,3,1675.9833333333333,18.802027372954537,3,6674.0,28.0,3,1.0,0.0,3,0.0,0.0,3,,,0,3337.0,14.0,3,,,0,,,0
seq_baseline,batch_valid,16,,,0.03299685,0.026403046342430934,10,,,0,,,0,47374.3,22735.170253498338,10,64000.0,0.0,10,1.0,0.0,10,,,0,,,0,,,0,,,0,,,0
seq_baseline,conflict_heavy,1,,,0.1553888,0.01238552178777929,10,,,0,,,0,6471.062,497.2040212092685,10,1000000.0,0.0,10,1.0,0.0,10,,,0,,,0,,,0,,,0,,,0
seq_baseline,conflict_heavy,16,,,0.02328873,0.020867351471034044,10,,,0,,,0,56458.81999999999,15488.721836140428,10,64000.0,0.0,10,1.0,0.0,10,,,0,,,0,,,0,,,0,,,0
seq_baseline,mixed_valid,1,,,0.06547707,0.022739918736982234,10,,,0,,,0,17364.620000000003,6750.718521395415,10,520300.0,14522.396496446445,10,1.0,0.0,10,,,0,,,0,,,0,,,0,,,0
seq_baseline,valid_insertions,1,,,0.1586648,0.02185012542450654,10,,,0,,,0,6395.279,751.7162522218371,10,1000000.0,0.0,10,1.0,0.0,10,,,0,,,0,,,0,,,0,,,0
seq_exact,batch_valid,16,,,0.03007766,0.019074784902075422,10,,,0,,,0,39541.39,9630.293396067085,10,590.3,12.658330590300338,10,1.0,0.0,10,,,0,0.0,0.0,10,,,0,,,0,590.3,12.658330590300338,10
seq_exact,conflict_heavy,1,,,0.2739216,0.022451710967714193,10,,,0,,,0,3672.496,295.9948081451581,10,1000.0,0.0,10,1.0,0.0,10,,,0,0.0,0.0,10,,,0,,,0,1000.0,0.0,10
seq_exact,conflict_heavy,16,,,0.03439993,0.02147341349892156,10,,,0,,,0,36518.38,12040.086837062265,10,1024.0,0.0,10,1.0,0.0,10,,,0,0.0,0.0,10,,,0,,,0,1024.0,0.0,10
seq_exact,mixed_valid,1,,,0.10508284999999999,0.024681356611474536,10,,,0,,,0,9977.944,2199.807776158838,10,372.6,3.2041639575194445,10,1.0,0.0,10,,,0,0.0,0.0,10,,,0,,,0,372.6,3.2041639575194445,10
seq_exact,valid_insertions,1,,,0.2728257,0.01377892696233394,10,,,0,,,0,3673.541,180.51847596729704,10,571.8,14.89071298942172,10,1.0,0.0,10,,,0,0.0,0.0,10,,,0,,,0,571.8,14.89071298942172,10
