engine_name,workload,batch_size,num_vertices,delta_cap,updates_requested,updates_generated,palette_multiplier,max_rounds,parlay_threads,speedup,speedup_std,speedup_n,series,efficiency
par_relaxed,batch_valid,64,10000,32,16384,16384,4.0,4.0,1.0,1.0,0.0,3,par_relaxed | batch_valid | b=64 | n=10000 | Delta=32 | c=4,1.0
par_relaxed,batch_valid,64,10000,32,16384,16384,4.0,4.0,2.0,0.998886573979432,0.007702460050744906,3,par_relaxed | batch_valid | b=64 | n=10000 | Delta=32 | c=4,0.499443286989716
par_relaxed,batch_valid,64,10000,32,16384,16384,4.0,4.0,4.0,1.0042973712692718,0.004422220464006997,3,par_relaxed | batch_valid | b=64 | n=10000 | Delta=32 | c=4,0.25107434281731794
par_relaxed,batch_valid,64,10000,32,16384,16384,4.0,4.0,8.0,0.7984299822745015,0.3569644631163338,3,par_relaxed | batch_valid | b=64 | n=10000 | Delta=32 | c=4,0.09980374778431268
par_relaxed,conflict_heavy,64,10000,32,16384,14828,16.0,4.0,1.0,1.0,,1,par_relaxed | conflict_heavy | b=64 | n=10000 | Delta=32 | c=16,1.0
par_relaxed,conflict_heavy,64,10000,32,16384,16384,4.0,4.0,1.0,1.0,0.0,3,par_relaxed | conflict_heavy | b=64 | n=10000 | Delta=32 | c=4,1.0
par_relaxed,conflict_heavy,64,10000,32,16384,16384,4.0,4.0,2.0,1.0018253067366782,0.0037893867106223683,3,par_relaxed | conflict_heavy | b=64 | n=10000 | Delta=32 | c=4,0.5009126533683391
par_relaxed,conflict_heavy,64,10000,32,16384,16384,4.0,4.0,4.0,0.5914622241113657,0.34943513785085567,3,par_relaxed | conflict_heavy | b=64 | n=10000 | Delta=32 | c=4,0.14786555602784143
par_relaxed,conflict_heavy,64,10000,32,16384,16384,4.0,4.0,8.0,0.9918063000937644,0.007606180613894534,3,par_relaxed | conflict_heavy | b=64 | n=10000 | Delta=32 | c=4,0.12397578751172054
