host,date,git_commit,parlay_threads,engine_name,workload,seed,num_vertices,delta_cap,batch_size,palette_multiplier,palette_size,max_rounds,updates_requested,updates_generated,updates_applied,updates_rejected,accepted_ratio,batches_generated,batches_applied,batch_accepted_ratio,generation_attempts,generator_same_color_attempts,generator_same_color_chosen,generator_same_color_fallbacks,initial_edges_requested,initial_edges,final_edges,target_accepted,insert_ratio,max_generation_attempts,build_seconds,update_seconds,generation_seconds,engine_apply_seconds,graph_apply_seconds,validate_seconds,validate_final_only,par_exact_token_repair,throughput_updates_per_second,max_degree_observed,graph_validated,coloring_validated,vertices_touched_total,total_rounds,fallback_count,repair_calls,repair_rounds,sequential_repair_calls,sequential_repair_rounds,active_vertices_initial_total,active_vertices_expanded_total,conflicted_vertices_initial_total,neighbor_scans,commits_total,repair_seconds,active_build_seconds,internal_validation_seconds,max_active_size,active_size_round_total,neighbor_materializations,direct_neighbor_scans,level_ge_neighbor_scans,level_le_neighbor_scans,level_palette_candidates_total,level_diagnostic_vertices,active_dense_rebuilds,token_repair_calls,token_safe_commits,token_active_conflict_rejections,token_lower_equal_conflict_rejections,token_unique_higher_moves,token_multi_higher_conflicts,level_histogram_1,level_histogram_2,level_histogram_3,level_histogram_4,level_histogram_5_plus,recolor_calls,recolored_vertices_total,cascade_steps_total,full_fallback_count,level_conflict_choices,active_vertices_total,repair_rounds_total,proposal_count,commit_count,unresolved_count,sequential_fast_path_count,validation_message,color_validation_message,parlay_threads_raw,workload_batch,fallback_unified,repair_effort_value,repair_effort_label,vertices_touched_per_update,generator_attempts_per_update
br013.ib.bridges2.psc.edu,2026-05-01T11:26:45-0400,642911a,1.0,par_relaxed,batch_valid,1,10000,32,64,4.0,129,4,16384,16384,16384,0,1,0,0,0,16390,0,0,0,0,0,16384,0,0.5,5000000,0.00081445,0.247459,0.00462264,0.242837,0.00484221,0.00749589,0,0,66208.8,12,1,1,7783,255.0,0,256,255.0,255.0,255.0,32768,84323,7783,151322.0,7718.0,0.0147711,0.0152097,0.217147,128,7783,,,,,,,,,,,,,,,,,,,,,,,,,,,,,,,,1,batch_valid (b=64),0,255.0,total_rounds,0.47503662109375,0.0
br013.ib.bridges2.psc.edu,2026-05-01T11:26:45-0400,642911a,1.0,par_relaxed,conflict_heavy,1,10000,32,64,4.0,129,4,16384,16384,16384,0,1,256,256,1,1526997,1526997,16384,0,0,0,16384,0,0.5,5000000,0.00079794,0.293101,0.0607564,0.232345,0.00472479,0.00747562,0,0,55898.8,11,1,1,32509,271.0,0,256,271.0,256.0,271.0,32768,79332,32475,318220.0,27295.0,0.0315219,0.0141086,0.190131,128,32509,,,,,,,,,,,,,,,,,,,,,,,,,,,,,,,,1,conflict_heavy (b=64),0,271.0,total_rounds,1.98419189453125,93.20050048828125
br013.ib.bridges2.psc.edu,2026-05-01T11:26:45-0400,642911a,1.0,par_exact,batch_valid,1,10000,32,64,,33,4,16384,16384,16384,0,1,0,0,0,16390,0,0,0,0,0,16384,0,0.5,5000000,0.00180742,1.03292,0.00559709,1.02732,0.00535181,0.00725435,0,0,15861.8,12,1,1,17228,,1,256,,,,,,,,,0.00267648,0.000432998,1.01812,64,7228,0.0,28912.0,7006.0,11601.0,227972.0,7228.0,0.0,0.0,0.0,0.0,0.0,0.0,0.0,5003.0,2580.0,1267.0,567.0,583.0,,,,,,7149.0,329.0,7228.0,7147.0,80.0,256.0,,,1,batch_valid (b=64),1,329.0,repair_rounds_total,1.051513671875,0.0
br013.ib.bridges2.psc.edu,2026-05-01T11:26:45-0400,642911a,1.0,par_exact,conflict_heavy,1,10000,32,64,,33,4,16384,16384,16384,0,1,256,256,1,261623,261623,16384,0,0,0,16384,0,0.5,5000000,0.00182803,1.05156,0.0156583,1.0359,0.00516761,0.00721312,0,0,15580.7,14,1,1,17162,,0,256,,,,,,,,,0.00824528,0.00074783,1.02169,64,17162,0.0,68648.0,25901.0,34900.0,532110.0,17162.0,0.0,0.0,0.0,0.0,0.0,0.0,0.0,5003.0,2580.0,1267.0,567.0,583.0,,,,,,16289.0,518.0,17162.0,16264.0,873.0,256.0,,,1,conflict_heavy (b=64),0,518.0,repair_rounds_total,1.0474853515625,15.96820068359375
br013.ib.bridges2.psc.edu,2026-05-01T11:26:45-0400,642911a,2.0,par_relaxed,batch_valid,1,10000,32,64,4.0,129,4,16384,16384,16384,0,1,0,0,0,16390,0,0,0,0,0,16384,0,0.5,5000000,0.000967075,0.217246,0.00492478,0.212322,0.00499199,0.0076726,0,0,75416.7,12,1,1,7783,255.0,0,256,255.0,255.0,255.0,32768,84323,7783,151322.0,7718.0,0.0149505,0.0153098,0.185993,128,7783,,,,,,,,,,,,,,,,,,,,,,,,,,,,,,,,2,batch_valid (b=64),0,255.0,total_rounds,0.47503662109375,0.0
br013.ib.bridges2.psc.edu,2026-05-01T11:26:45-0400,642911a,2.0,par_relaxed,conflict_heavy,1,10000,32,64,4.0,129,4,16384,16384,16384,0,1,256,256,1,1526997,1526997,16384,0,0,0,16384,0,0.5,5000000,0.000865475,0.326931,0.0681872,0.258744,0.00518882,0.00811419,0,0,50114.5,11,1,1,32509,271.0,0,256,271.0,256.0,271.0,32768,79332,32475,318220.0,27295.0,0.0328608,0.0149257,0.214356,128,32509,,,,,,,,,,,,,,,,,,,,,,,,,,,,,,,,2,conflict_heavy (b=64),0,271.0,total_rounds,1.98419189453125,93.20050048828125
br013.ib.bridges2.psc.edu,2026-05-01T11:26:45-0400,642911a,2.0,par_exact,batch_valid,1,10000,32,64,,33,4,16384,16384,16384,0,1,0,0,0,16390,0,0,0,0,0,16384,0,0.5,5000000,0.00181372,1.04349,0.00573863,1.03775,0.00531044,0.0073255,0,0,15701.1,12,1,1,17228,,1,256,,,,,,,,,0.00263445,0.00044904,1.02861,64,7228,0.0,28912.0,7006.0,11601.0,227972.0,7228.0,0.0,0.0,0.0,0.0,0.0,0.0,0.0,5003.0,2580.0,1267.0,567.0,583.0,,,,,,7149.0,329.0,7228.0,7147.0,80.0,256.0,,,2,batch_valid (b=64),1,329.0,repair_rounds_total,1.051513671875,0.0
br013.ib.bridges2.psc.edu,2026-05-01T11:26:45-0400,642911a,2.0,par_exact,conflict_heavy,1,10000,32,64,,33,4,16384,16384,16384,0,1,256,256,1,261623,261623,16384,0,0,0,16384,0,0.5,5000000,0.00169031,1.13777,0.0157528,1.12202,0.00547533,0.00725344,0,0,14400.1,14,1,1,17162,,0,256,,,,,,,,,0.00830755,0.000736826,1.10745,64,17162,0.0,68648.0,25901.0,34900.0,532110.0,17162.0,0.0,0.0,0.0,0.0,0.0,0.0,0.0,5003.0,2580.0,1267.0,567.0,583.0,,,,,,16289.0,518.0,17162.0,16264.0,873.0,256.0,,,2,conflict_heavy (b=64),0,518.0,repair_rounds_total,1.0474853515625,15.96820068359375
br013.ib.bridges2.psc.edu,2026-05-01T11:26:45-0400,642911a,4.0,par_relaxed,batch_valid,1,10000,32,64,4.0,129,4,16384,16384,16384,0,1,0,0,0,16390,0,0,0,0,0,16384,0,0.5,5000000,0.000850908,0.237729,0.00500663,0.232723,0.00530315,0.00761862,0,0,68918.7,12,1,1,7783,255.0,0,256,255.0,255.0,255.0,32768,84323,7783,151322.0,7718.0,0.0156536,0.0161172,0.205279,128,7783,,,,,,,,,,,,,,,,,,,,,,,,,,,,,,,,4,batch_valid (b=64),0,255.0,total_rounds,0.47503662109375,0.0
br013.ib.bridges2.psc.edu,2026-05-01T11:26:45-0400,642911a,4.0,par_relaxed,conflict_heavy,1,10000,32,64,4.0,129,4,16384,16384,16384,0,1,256,256,1,1526997,1526997,16384,0,0,0,16384,0,0.5,5000000,0.000850357,0.463919,0.11681,0.347109,0.00533282,0.00837639,0,0,35316.5,11,1,1,32509,271.0,0,256,271.0,256.0,271.0,32768,79332,32475,318220.0,27295.0,0.0669784,0.0485324,0.268289,128,32509,,,,,,,,,,,,,,,,,,,,,,,,,,,,,,,,4,conflict_heavy (b=64),0,271.0,total_rounds,1.98419189453125,93.20050048828125
br013.ib.bridges2.psc.edu,2026-05-01T11:26:45-0400,642911a,4.0,par_exact,batch_valid,1,10000,32,64,,33,4,16384,16384,16384,0,1,0,0,0,16390,0,0,0,0,0,16384,0,0.5,5000000,0.00177508,1.05901,0.0187935,1.04022,0.00524132,0.00731037,0,0,15471.1,12,1,1,17228,,1,256,,,,,,,,,0.00261553,0.000453671,1.03115,64,7228,0.0,28912.0,7006.0,11601.0,227972.0,7228.0,0.0,0.0,0.0,0.0,0.0,0.0,0.0,5003.0,2580.0,1267.0,567.0,583.0,,,,,,7149.0,329.0,7228.0,7147.0,80.0,256.0,,,4,batch_valid (b=64),1,329.0,repair_rounds_total,1.051513671875,0.0
br013.ib.bridges2.psc.edu,2026-05-01T11:26:45-0400,642911a,4.0,par_exact,conflict_heavy,1,10000,32,64,,33,4,16384,16384,16384,0,1,256,256,1,261623,261623,16384,0,0,0,16384,0,0.5,5000000,0.0020294,1.54008,0.0180918,1.52199,0.00541927,0.00726231,0,0,10638.4,14,1,1,17162,,0,256,,,,,,,,,0.0433479,0.000847739,1.47233,64,17162,0.0,68648.0,25901.0,34900.0,532110.0,17162.0,0.0,0.0,0.0,0.0,0.0,0.0,0.0,5003.0,2580.0,1267.0,567.0,583.0,,,,,,16289.0,518.0,17162.0,16264.0,873.0,256.0,,,4,conflict_heavy (b=64),0,518.0,repair_rounds_total,1.0474853515625,15.96820068359375
br013.ib.bridges2.psc.edu,2026-05-01T11:26:45-0400,642911a,8.0,par_relaxed,batch_valid,1,10000,32,64,4.0,129,4,16384,16384,16384,0,1,0,0,0,16390,0,0,0,0,0,16384,0,0.5,5000000,0.000848964,0.25953,0.00462721,0.254903,0.00502948,0.00768135,0,0,63129.4,12,1,1,7783,255.0,0,256,255.0,255.0,255.0,32768,84323,7783,151322.0,7718.0,0.0151773,0.0153748,0.228524,128,7783,,,,,,,,,,,,,,,,,,,,,,,,,,,,,,,,8,batch_valid (b=64),0,255.0,total_rounds,0.47503662109375,0.0
br013.ib.bridges2.psc.edu,2026-05-01T11:26:45-0400,642911a,8.0,par_relaxed,conflict_heavy,1,10000,32,64,4.0,129,4,16384,16384,16384,0,1,256,256,1,1526997,1526997,16384,0,0,0,16384,0,0.5,5000000,0.000899439,0.879915,0.205818,0.674098,0.00493738,0.00765218,0,0,18620.0,11,1,1,32509,271.0,0,256,271.0,256.0,271.0,32768,79332,32475,318220.0,27295.0,0.0967768,0.0787797,0.566404,128,32509,,,,,,,,,,,,,,,,,,,,,,,,,,,,,,,,8,conflict_heavy (b=64),0,271.0,total_rounds,1.98419189453125,93.20050048828125
br013.ib.bridges2.psc.edu,2026-05-01T11:26:45-0400,642911a,8.0,par_exact,batch_valid,1,10000,32,64,,33,4,16384,16384,16384,0,1,0,0,0,16390,0,0,0,0,0,16384,0,0.5,5000000,0.00176357,1.10894,0.0167255,1.09221,0.00528345,0.00744573,0,0,14774.5,12,1,1,17228,,1,256,,,,,,,,,0.00263377,0.000461861,1.08306,64,7228,0.0,28912.0,7006.0,11601.0,227972.0,7228.0,0.0,0.0,0.0,0.0,0.0,0.0,0.0,5003.0,2580.0,1267.0,567.0,583.0,,,,,,7149.0,329.0,7228.0,7147.0,80.0,256.0,,,8,batch_valid (b=64),1,329.0,repair_rounds_total,1.051513671875,0.0
br013.ib.bridges2.psc.edu,2026-05-01T11:26:45-0400,642911a,8.0,par_exact,conflict_heavy,1,10000,32,64,,33,4,16384,16384,16384,0,1,256,256,1,261623,261623,16384,0,0,0,16384,0,0.5,5000000,0.00176395,2.97131,0.0839284,2.88739,0.00543513,0.0073182,0,0,5514.06,14,1,1,17162,,0,256,,,,,,,,,0.00872395,0.000878475,2.87229,64,17162,0.0,68648.0,25901.0,34900.0,532110.0,17162.0,0.0,0.0,0.0,0.0,0.0,0.0,0.0,5003.0,2580.0,1267.0,567.0,583.0,,,,,,16289.0,518.0,17162.0,16264.0,873.0,256.0,,,8,conflict_heavy (b=64),0,518.0,repair_rounds_total,1.0474853515625,15.96820068359375
br013.ib.bridges2.psc.edu,2026-05-01T11:26:45-0400,642911a,16.0,par_relaxed,batch_valid,1,10000,32,64,4.0,129,4,16384,16384,16384,0,1,0,0,0,16390,0,0,0,0,0,16384,0,0.5,5000000,0.000935576,0.311336,0.00472773,0.306609,0.00501288,0.00774834,0,0,52624.8,12,1,1,7783,255.0,0,256,255.0,255.0,255.0,32768,84323,7783,151322.0,7718.0,0.0149658,0.0155674,0.280195,128,7783,,,,,,,,,,,,,,,,,,,,,,,,,,,,,,,,16,batch_valid (b=64),0,255.0,total_rounds,0.47503662109375,0.0
br013.ib.bridges2.psc.edu,2026-05-01T11:26:45-0400,642911a,16.0,par_relaxed,conflict_heavy,1,10000,32,64,4.0,129,4,16384,16384,16384,0,1,256,256,1,1526997,1526997,16384,0,0,0,16384,0,0.5,5000000,0.000966013,2.66706,0.699012,1.96805,0.00597462,0.00927744,0,0,6143.09,11,1,1,32509,271.0,0,256,271.0,256.0,271.0,32768,79332,32475,318220.0,27295.0,0.384951,0.103332,1.57047,128,32509,,,,,,,,,,,,,,,,,,,,,,,,,,,,,,,,16,conflict_heavy (b=64),0,271.0,total_rounds,1.98419189453125,93.20050048828125
br013.ib.bridges2.psc.edu,2026-05-01T11:26:45-0400,642911a,16.0,par_exact,batch_valid,1,10000,32,64,,33,4,16384,16384,16384,0,1,0,0,0,16390,0,0,0,0,0,16384,0,0.5,5000000,0.00224721,1.15341,0.00641212,1.147,0.00529578,0.00748274,0,0,14204.9,12,1,1,17228,,1,256,,,,,,,,,0.00270403,0.000506584,1.13775,64,7228,0.0,28912.0,7006.0,11601.0,227972.0,7228.0,0.0,0.0,0.0,0.0,0.0,0.0,0.0,5003.0,2580.0,1267.0,567.0,583.0,,,,,,7149.0,329.0,7228.0,7147.0,80.0,256.0,,,16,batch_valid (b=64),1,329.0,repair_rounds_total,1.051513671875,0.0
br013.ib.bridges2.psc.edu,2026-05-01T11:26:45-0400,642911a,16.0,par_exact,conflict_heavy,1,10000,32,64,,33,4,16384,16384,16384,0,1,256,256,1,261623,261623,16384,0,0,0,16384,0,0.5,5000000,0.00192808,6.49314,0.192968,6.30017,0.0871321,0.0074444,0,0,2523.28,14,1,1,17162,,0,256,,,,,,,,,0.0959214,0.000989917,6.11606,64,17162,0.0,68648.0,25901.0,34900.0,532110.0,17162.0,0.0,0.0,0.0,0.0,0.0,0.0,0.0,5003.0,2580.0,1267.0,567.0,583.0,,,,,,16289.0,518.0,17162.0,16264.0,873.0,256.0,,,16,conflict_heavy (b=64),0,518.0,repair_rounds_total,1.0474853515625,15.96820068359375
br013.ib.bridges2.psc.edu,2026-05-01T11:26:45-0400,642911a,1.0,par_relaxed,batch_valid,2,10000,32,64,4.0,129,4,16384,16384,16384,0,1,0,0,0,16384,0,0,0,0,0,16384,0,0.5,5000000,0.00092178,0.24072,0.00450396,0.236216,0.00482854,0.00758586,0,0,68062.4,12,1,1,7745,255.0,0,256,255.0,255.0,255.0,32768,84396,7745,151307.0,7671.0,0.0149888,0.015335,0.210201,127,7745,,,,,,,,,,,,,,,,,,,,,,,,,,,,,,,,1,batch_valid (b=64),0,255.0,total_rounds,0.47271728515625,0.0
br013.ib.bridges2.psc.edu,2026-05-01T11:26:45-0400,642911a,1.0,par_relaxed,conflict_heavy,2,10000,32,64,4.0,129,4,16384,16384,16384,0,1,256,256,1,1507792,1507792,16384,0,0,0,16384,0,0.5,5000000,0.000844797,0.292694,0.0605606,0.232134,0.00470828,0.00749822,0,0,55976.5,11,1,1,32513,278.0,0,256,278.0,256.0,278.0,32768,79779,32469,319171.0,27341.0,0.0317174,0.0142311,0.189784,128,32513,,,,,,,,,,,,,,,,,,,,,,,,,,,,,,,,1,conflict_heavy (b=64),0,278.0,total_rounds,1.98443603515625,92.0283203125
br013.ib.bridges2.psc.edu,2026-05-01T11:26:45-0400,642911a,1.0,par_exact,batch_valid,2,10000,32,64,,33,4,16384,16384,16384,0,1,0,0,0,16384,0,0,0,0,0,16384,0,0.5,5000000,0.00174238,1.01912,0.00556831,1.01355,0.00503222,0.00724123,0,0,16076.7,12,1,1,6411,,0,256,,,,,,,,,0.00207615,0.000386276,1.00601,64,6411,0.0,25644.0,6427.0,8425.0,203254.0,6411.0,0.0,0.0,0.0,0.0,0.0,0.0,0.0,5003.0,2580.0,1266.0,567.0,584.0,,,,,,6312.0,337.0,6411.0,6312.0,99.0,256.0,,,1,batch_valid (b=64),0,337.0,repair_rounds_total,0.39129638671875,0.0
br013.ib.bridges2.psc.edu,2026-05-01T11:26:45-0400,642911a,1.0,par_exact,conflict_heavy,2,10000,32,64,,33,4,16384,16384,16384,0,1,256,256,1,197913,197913,16384,0,0,0,16384,0,0.5,5000000,0.00208632,1.02966,0.0128743,1.01678,0.00512574,0.00718306,0,0,15912.1,15,1,1,26967,,1,256,,,,,,,,,0.00791476,0.000703727,1.00212,64,16967,0.0,67868.0,25060.0,33621.0,528020.0,16967.0,0.0,0.0,0.0,0.0,0.0,0.0,0.0,5003.0,2580.0,1266.0,567.0,584.0,,,,,,16279.0,500.0,16967.0,16265.0,689.0,256.0,,,1,conflict_heavy (b=64),1,500.0,repair_rounds_total,1.64593505859375,12.07965087890625
br013.ib.bridges2.psc.edu,2026-05-01T11:26:45-0400,642911a,2.0,par_relaxed,batch_valid,2,10000,32,64,4.0,129,4,16384,16384,16384,0,1,0,0,0,16384,0,0,0,0,0,16384,0,0.5,5000000,0.000786117,0.21658,0.00445867,0.212121,0.00496412,0.00759946,0,0,75648.9,12,1,1,7745,255.0,0,256,255.0,255.0,255.0,32768,84396,7745,151307.0,7671.0,0.0146669,0.0151917,0.186358,127,7745,,,,,,,,,,,,,,,,,,,,,,,,,,,,,,,,2,batch_valid (b=64),0,255.0,total_rounds,0.47271728515625,0.0
br013.ib.bridges2.psc.edu,2026-05-01T11:26:45-0400,642911a,2.0,par_relaxed,conflict_heavy,2,10000,32,64,4.0,129,4,16384,16384,16384,0,1,256,256,1,1507792,1507792,16384,0,0,0,16384,0,0.5,5000000,0.000847652,0.323312,0.0700668,0.253246,0.00480112,0.00851171,0,0,50675.5,11,1,1,32513,278.0,0,256,278.0,256.0,278.0,32768,79779,32469,319171.0,27341.0,0.053671,0.0241145,0.188914,128,32513,,,,,,,,,,,,,,,,,,,,,,,,,,,,,,,,2,conflict_heavy (b=64),0,278.0,total_rounds,1.98443603515625,92.0283203125
br013.ib.bridges2.psc.edu,2026-05-01T11:26:45-0400,642911a,2.0,par_exact,batch_valid,2,10000,32,64,,33,4,16384,16384,16384,0,1,0,0,0,16384,0,0,0,0,0,16384,0,0.5,5000000,0.00173094,1.0406,0.00601221,1.03458,0.00521296,0.00729129,0,0,15744.8,12,1,1,6411,,0,256,,,,,,,,,0.00209592,0.000431742,1.0268,64,6411,0.0,25644.0,6427.0,8425.0,203254.0,6411.0,0.0,0.0,0.0,0.0,0.0,0.0,0.0,5003.0,2580.0,1266.0,567.0,584.0,,,,,,6312.0,337.0,6411.0,6312.0,99.0,256.0,,,2,batch_valid (b=64),0,337.0,repair_rounds_total,0.39129638671875,0.0
br013.ib.bridges2.psc.edu,2026-05-01T11:26:45-0400,642911a,2.0,par_exact,conflict_heavy,2,10000,32,64,,33,4,16384,16384,16384,0,1,256,256,1,197913,197913,16384,0,0,0,16384,0,0.5,5000000,0.00173854,1.1339,0.0135834,1.12032,0.0053018,0.00730204,0,0,14449.3,15,1,1,26967,,1,256,,,,,,,,,0.00794937,0.000746912,1.10538,64,16967,0.0,67868.0,25060.0,33621.0,528020.0,16967.0,0.0,0.0,0.0,0.0,0.0,0.0,0.0,5003.0,2580.0,1266.0,567.0,584.0,,,,,,16279.0,500.0,16967.0,16265.0,689.0,256.0,,,2,conflict_heavy (b=64),1,500.0,repair_rounds_total,1.64593505859375,12.07965087890625
br013.ib.bridges2.psc.edu,2026-05-01T11:26:45-0400,642911a,4.0,par_relaxed,batch_valid,2,10000,32,64,4.0,129,4,16384,16384,16384,0,1,0,0,0,16384,0,0,0,0,0,16384,0,0.5,5000000,0.000895872,0.227162,0.00482125,0.222341,0.00505261,0.00734027,0,0,72124.8,12,1,1,7745,255.0,0,256,255.0,255.0,255.0,32768,84396,7745,151307.0,7671.0,0.0149269,0.0153057,0.196223,127,7745,,,,,,,,,,,,,,,,,,,,,,,,,,,,,,,,4,batch_valid (b=64),0,255.0,total_rounds,0.47271728515625,0.0
br013.ib.bridges2.psc.edu,2026-05-01T11:26:45-0400,642911a,4.0,par_relaxed,conflict_heavy,2,10000,32,64,4.0,129,4,16384,16384,16384,0,1,256,256,1,1507792,1507792,16384,0,0,0,16384,0,0.5,5000000,0.000849847,0.440116,0.0976087,0.342507,0.00495067,0.00725004,0,0,37226.6,11,1,1,32513,278.0,0,256,278.0,256.0,278.0,32768,79779,32469,319171.0,27341.0,0.031844,0.0144126,0.299706,128,32513,,,,,,,,,,,,,,,,,,,,,,,,,,,,,,,,4,conflict_heavy (b=64),0,278.0,total_rounds,1.98443603515625,92.0283203125
br013.ib.bridges2.psc.edu,2026-05-01T11:26:45-0400,642911a,4.0,par_exact,batch_valid,2,10000,32,64,,33,4,16384,16384,16384,0,1,0,0,0,16384,0,0,0,0,0,16384,0,0.5,5000000,0.00187257,1.05617,0.00561798,1.05055,0.00533283,0.00731169,0,0,15512.6,12,1,1,6411,,0,256,,,,,,,,,0.00204661,0.000418386,1.04271,64,6411,0.0,25644.0,6427.0,8425.0,203254.0,6411.0,0.0,0.0,0.0,0.0,0.0,0.0,0.0,5003.0,2580.0,1266.0,567.0,584.0,,,,,,6312.0,337.0,6411.0,6312.0,99.0,256.0,,,4,batch_valid (b=64),0,337.0,repair_rounds_total,0.39129638671875,0.0
br013.ib.bridges2.psc.edu,2026-05-01T11:26:45-0400,642911a,4.0,par_exact,conflict_heavy,2,10000,32,64,,33,4,16384,16384,16384,0,1,256,256,1,197913,197913,16384,0,0,0,16384,0,0.5,5000000,0.00179589,1.53321,0.0432357,1.48997,0.00528511,0.00740313,0,0,10686.1,15,1,1,26967,,1,256,,,,,,,,,0.00813229,0.000768372,1.47483,64,16967,0.0,67868.0,25060.0,33621.0,528020.0,16967.0,0.0,0.0,0.0,0.0,0.0,0.0,0.0,5003.0,2580.0,1266.0,567.0,584.0,,,,,,16279.0,500.0,16967.0,16265.0,689.0,256.0,,,4,conflict_heavy (b=64),1,500.0,repair_rounds_total,1.64593505859375,12.07965087890625
br013.ib.bridges2.psc.edu,2026-05-01T11:26:45-0400,642911a,8.0,par_relaxed,batch_valid,2,10000,32,64,4.0,129,4,16384,16384,16384,0,1,0,0,0,16384,0,0,0,0,0,16384,0,0.5,5000000,0.000878329,0.255778,0.00500309,0.250775,0.00503715,0.00767519,0,0,64055.5,12,1,1,7745,255.0,0,256,255.0,255.0,255.0,32768,84396,7745,151307.0,7671.0,0.0149506,0.0463948,0.193537,127,7745,,,,,,,,,,,,,,,,,,,,,,,,,,,,,,,,8,batch_valid (b=64),0,255.0,total_rounds,0.47271728515625,0.0
br013.ib.bridges2.psc.edu,2026-05-01T11:26:45-0400,642911a,8.0,par_relaxed,conflict_heavy,2,10000,32,64,4.0,129,4,16384,16384,16384,0,1,256,256,1,1507792,1507792,16384,0,0,0,16384,0,0.5,5000000,0.000884471,0.874363,0.198648,0.675715,0.0048667,0.00758746,0,0,18738.2,11,1,1,32513,278.0,0,256,278.0,256.0,278.0,32768,79779,32469,319171.0,27341.0,0.099338,0.0149599,0.565167,128,32513,,,,,,,,,,,,,,,,,,,,,,,,,,,,,,,,8,conflict_heavy (b=64),0,278.0,total_rounds,1.98443603515625,92.0283203125
br013.ib.bridges2.psc.edu,2026-05-01T11:26:45-0400,642911a,8.0,par_exact,batch_valid,2,10000,32,64,,33,4,16384,16384,16384,0,1,0,0,0,16384,0,0,0,0,0,16384,0,0.5,5000000,0.00178933,1.10004,0.00662326,1.09342,0.0054731,0.00729565,0,0,14894.0,12,1,1,6411,,0,256,,,,,,,,,0.00221602,0.000492584,1.08519,64,6411,0.0,25644.0,6427.0,8425.0,203254.0,6411.0,0.0,0.0,0.0,0.0,0.0,0.0,0.0,5003.0,2580.0,1266.0,567.0,584.0,,,,,,6312.0,337.0,6411.0,6312.0,99.0,256.0,,,8,batch_valid (b=64),0,337.0,repair_rounds_total,0.39129638671875,0.0
br013.ib.bridges2.psc.edu,2026-05-01T11:26:45-0400,642911a,8.0,par_exact,conflict_heavy,2,10000,32,64,,33,4,16384,16384,16384,0,1,256,256,1,197913,197913,16384,0,0,0,16384,0,0.5,5000000,0.00182736,2.77643,0.142551,2.63387,0.00548363,0.00733494,0,0,5901.11,15,1,1,26967,,1,256,,,,,,,,,0.00809452,0.000758933,2.61857,64,16967,0.0,67868.0,25060.0,33621.0,528020.0,16967.0,0.0,0.0,0.0,0.0,0.0,0.0,0.0,5003.0,2580.0,1266.0,567.0,584.0,,,,,,16279.0,500.0,16967.0,16265.0,689.0,256.0,,,8,conflict_heavy (b=64),1,500.0,repair_rounds_total,1.64593505859375,12.07965087890625
br013.ib.bridges2.psc.edu,2026-05-01T11:26:45-0400,642911a,16.0,par_relaxed,batch_valid,2,10000,32,64,4.0,129,4,16384,16384,16384,0,1,0,0,0,16384,0,0,0,0,0,16384,0,0.5,5000000,0.000869042,0.294247,0.00451527,0.289732,0.00497003,0.00767395,0,0,55681.1,12,1,1,7745,255.0,0,256,255.0,255.0,255.0,32768,84396,7745,151307.0,7671.0,0.0148074,0.075404,0.203757,127,7745,,,,,,,,,,,,,,,,,,,,,,,,,,,,,,,,16,batch_valid (b=64),0,255.0,total_rounds,0.47271728515625,0.0
br013.ib.bridges2.psc.edu,2026-05-01T11:26:45-0400,642911a,16.0,par_relaxed,conflict_heavy,2,10000,32,64,4.0,129,4,16384,16384,16384,0,1,256,256,1,1507792,1507792,16384,0,0,0,16384,0,0.5,5000000,0.000831112,2.46906,0.778748,1.69031,0.00557843,0.0957824,0,0,6635.73,11,1,1,32513,278.0,0,256,278.0,256.0,278.0,32768,79779,32469,319171.0,27341.0,0.209455,0.0158572,1.46891,128,32513,,,,,,,,,,,,,,,,,,,,,,,,,,,,,,,,16,conflict_heavy (b=64),0,278.0,total_rounds,1.98443603515625,92.0283203125
br013.ib.bridges2.psc.edu,2026-05-01T11:26:45-0400,642911a,16.0,par_exact,batch_valid,2,10000,32,64,,33,4,16384,16384,16384,0,1,0,0,0,16384,0,0,0,0,0,16384,0,0.5,5000000,0.00230475,1.12458,0.0063337,1.11825,0.00529318,0.00756693,0,0,14569.0,12,1,1,6411,,0,256,,,,,,,,,0.00212262,0.000664828,1.11012,64,6411,0.0,25644.0,6427.0,8425.0,203254.0,6411.0,0.0,0.0,0.0,0.0,0.0,0.0,0.0,5003.0,2580.0,1266.0,567.0,584.0,,,,,,6312.0,337.0,6411.0,6312.0,99.0,256.0,,,16,batch_valid (b=64),0,337.0,repair_rounds_total,0.39129638671875,0.0
br013.ib.bridges2.psc.edu,2026-05-01T11:26:45-0400,642911a,16.0,par_exact,conflict_heavy,2,10000,32,64,,33,4,16384,16384,16384,0,1,256,256,1,197913,197913,16384,0,0,0,16384,0,0.5,5000000,0.0017801,6.55908,0.0223088,6.53677,0.0886165,0.0885221,0,0,2497.91,15,1,1,26967,,1,256,,,,,,,,,0.00920802,0.00114724,6.4368,64,16967,0.0,67868.0,25060.0,33621.0,528020.0,16967.0,0.0,0.0,0.0,0.0,0.0,0.0,0.0,5003.0,2580.0,1266.0,567.0,584.0,,,,,,16279.0,500.0,16967.0,16265.0,689.0,256.0,,,16,conflict_heavy (b=64),1,500.0,repair_rounds_total,1.64593505859375,12.07965087890625
br013.ib.bridges2.psc.edu,2026-05-01T11:26:45-0400,642911a,1.0,par_relaxed,batch_valid,3,10000,32,64,4.0,129,4,16384,16384,16384,0,1,0,0,0,16389,0,0,0,0,0,16384,0,0.5,5000000,0.000854095,0.216811,0.00468195,0.212129,0.00482472,0.00757209,0,0,75568.3,13,1,1,7800,255.0,0,256,255.0,255.0,255.0,32768,84162,7800,151213.0,7750.0,0.0147243,0.015272,0.186297,127,7800,,,,,,,,,,,,,,,,,,,,,,,,,,,,,,,,1,batch_valid (b=64),0,255.0,total_rounds,0.47607421875,0.0
br013.ib.bridges2.psc.edu,2026-05-01T11:26:45-0400,642911a,1.0,par_relaxed,conflict_heavy,3,10000,32,64,4.0,129,4,16384,16384,16384,0,1,256,256,1,1497519,1497519,16384,0,0,0,16384,0,0.5,5000000,0.0008571,0.300979,0.06225,0.238729,0.00680142,0.00751762,0,0,54435.6,11,1,1,32501,269.0,0,256,269.0,256.0,269.0,32768,79786,32471,319201.0,27319.0,0.0321594,0.0144882,0.193698,128,32501,,,,,,,,,,,,,,,,,,,,,,,,,,,,,,,,1,conflict_heavy (b=64),0,269.0,total_rounds,1.98370361328125,91.40130615234375
br013.ib.bridges2.psc.edu,2026-05-01T11:26:45-0400,642911a,1.0,par_exact,batch_valid,3,10000,32,64,,33,4,16384,16384,16384,0,1,0,0,0,16389,0,0,0,0,0,16384,0,0.5,5000000,0.00200494,1.01772,0.00577072,1.01195,0.00511541,0.00721947,0,0,16098.8,13,1,1,6443,,0,256,,,,,,,,,0.00206004,0.000416554,1.00431,64,6443,0.0,25772.0,6376.0,8490.0,204269.0,6443.0,0.0,0.0,0.0,0.0,0.0,0.0,0.0,5005.0,2579.0,1266.0,567.0,583.0,,,,,,6383.0,312.0,6443.0,6382.0,60.0,256.0,,,1,batch_valid (b=64),0,312.0,repair_rounds_total,0.39324951171875,0.0
br013.ib.bridges2.psc.edu,2026-05-01T11:26:45-0400,642911a,1.0,par_exact,conflict_heavy,3,10000,32,64,,33,4,16384,16384,16384,0,1,256,256,1,164377,164377,16384,0,0,0,16384,0,0.5,5000000,0.00166839,1.02925,0.0117971,1.01745,0.00511729,0.00717127,0,0,15918.4,15,1,1,26806,,1,256,,,,,,,,,0.00776114,0.000735158,1.00295,64,16806,0.0,67224.0,24700.0,32913.0,523607.0,16806.0,0.0,0.0,0.0,0.0,0.0,0.0,0.0,5005.0,2579.0,1266.0,567.0,583.0,,,,,,16269.0,463.0,16806.0,16256.0,538.0,256.0,,,1,conflict_heavy (b=64),1,463.0,repair_rounds_total,1.6361083984375,10.03277587890625
br013.ib.bridges2.psc.edu,2026-05-01T11:26:45-0400,642911a,2.0,par_relaxed,batch_valid,3,10000,32,64,4.0,129,4,16384,16384,16384,0,1,0,0,0,16389,0,0,0,0,0,16384,0,0.5,5000000,0.000837824,0.217566,0.0046205,0.212946,0.00497613,0.00764358,0,0,75305.8,13,1,1,7800,255.0,0,256,255.0,255.0,255.0,32768,84162,7800,151213.0,7750.0,0.0146449,0.0151862,0.187229,127,7800,,,,,,,,,,,,,,,,,,,,,,,,,,,,,,,,2,batch_valid (b=64),0,255.0,total_rounds,0.47607421875,0.0
br013.ib.bridges2.psc.edu,2026-05-01T11:26:45-0400,642911a,2.0,par_relaxed,conflict_heavy,3,10000,32,64,4.0,129,4,16384,16384,16384,0,1,256,256,1,1497519,1497519,16384,0,0,0,16384,0,0.5,5000000,0.000823797,0.311638,0.0699905,0.241647,0.00499538,0.00754107,0,0,52573.8,11,1,1,32501,269.0,0,256,269.0,256.0,269.0,32768,79786,32471,319201.0,27319.0,0.0314378,0.0142174,0.199305,128,32501,,,,,,,,,,,,,,,,,,,,,,,,,,,,,,,,2,conflict_heavy (b=64),0,269.0,total_rounds,1.98370361328125,91.40130615234375
br013.ib.bridges2.psc.edu,2026-05-01T11:26:45-0400,642911a,2.0,par_exact,batch_valid,3,10000,32,64,,33,4,16384,16384,16384,0,1,0,0,0,16389,0,0,0,0,0,16384,0,0.5,5000000,0.00181416,1.08749,0.00600847,1.08148,0.00552319,0.00778466,0,0,15065.9,13,1,1,6443,,0,256,,,,,,,,,0.00218843,0.000425445,1.07329,64,6443,0.0,25772.0,6376.0,8490.0,204269.0,6443.0,0.0,0.0,0.0,0.0,0.0,0.0,0.0,5005.0,2579.0,1266.0,567.0,583.0,,,,,,6383.0,312.0,6443.0,6382.0,60.0,256.0,,,2,batch_valid (b=64),0,312.0,repair_rounds_total,0.39324951171875,0.0
br013.ib.bridges2.psc.edu,2026-05-01T11:26:45-0400,642911a,2.0,par_exact,conflict_heavy,3,10000,32,64,,33,4,16384,16384,16384,0,1,256,256,1,164377,164377,16384,0,0,0,16384,0,0.5,5000000,0.00213,1.14292,0.0129849,1.12994,0.0052803,0.00732057,0,0,14335.2,15,1,1,26806,,1,256,,,,,,,,,0.00789429,0.000798069,1.11506,64,16806,0.0,67224.0,24700.0,32913.0,523607.0,16806.0,0.0,0.0,0.0,0.0,0.0,0.0,0.0,5005.0,2579.0,1266.0,567.0,583.0,,,,,,16269.0,463.0,16806.0,16256.0,538.0,256.0,,,2,conflict_heavy (b=64),1,463.0,repair_rounds_total,1.6361083984375,10.03277587890625
br013.ib.bridges2.psc.edu,2026-05-01T11:26:45-0400,642911a,4.0,par_relaxed,batch_valid,3,10000,32,64,4.0,129,4,16384,16384,16384,0,1,0,0,0,16389,0,0,0,0,0,16384,0,0.5,5000000,0.000837673,0.225946,0.00468889,0.221257,0.00493127,0.00733368,0,0,72512.9,13,1,1,7800,255.0,0,256,255.0,255.0,255.0,32768,84162,7800,151213.0,7750.0,0.0247966,0.0251357,0.185447,127,7800,,,,,,,,,,,,,,,,,,,,,,,,,,,,,,,,4,batch_valid (b=64),0,255.0,total_rounds,0.47607421875,0.0
br013.ib.bridges2.psc.edu,2026-05-01T11:26:45-0400,642911a,4.0,par_relaxed,conflict_heavy,3,10000,32,64,4.0,129,4,16384,16384,16384,0,1,256,256,1,1497519,1497519,16384,0,0,0,16384,0,0.5,5000000,0.00108087,0.431108,0.0612746,0.369834,0.00483637,0.00735248,0,0,38004.4,11,1,1,32501,269.0,0,256,269.0,256.0,269.0,32768,79786,32471,319201.0,27319.0,0.0320942,0.0144288,0.326924,128,32501,,,,,,,,,,,,,,,,,,,,,,,,,,,,,,,,4,conflict_heavy (b=64),0,269.0,total_rounds,1.98370361328125,91.40130615234375
br013.ib.bridges2.psc.edu,2026-05-01T11:26:45-0400,642911a,4.0,par_exact,batch_valid,3,10000,32,64,,33,4,16384,16384,16384,0,1,0,0,0,16389,0,0,0,0,0,16384,0,0.5,5000000,0.00175544,1.07167,0.00685096,1.06482,0.00624357,0.00738658,0,0,15288.2,13,1,1,6443,,0,256,,,,,,,,,0.00216536,0.000499536,1.05587,64,6443,0.0,25772.0,6376.0,8490.0,204269.0,6443.0,0.0,0.0,0.0,0.0,0.0,0.0,0.0,5005.0,2579.0,1266.0,567.0,583.0,,,,,,6383.0,312.0,6443.0,6382.0,60.0,256.0,,,4,batch_valid (b=64),0,312.0,repair_rounds_total,0.39324951171875,0.0
br013.ib.bridges2.psc.edu,2026-05-01T11:26:45-0400,642911a,4.0,par_exact,conflict_heavy,3,10000,32,64,,33,4,16384,16384,16384,0,1,256,256,1,164377,164377,16384,0,0,0,16384,0,0.5,5000000,0.0017923,1.51957,0.0139304,1.50564,0.00530185,0.00733571,0,0,10782.0,15,1,1,26806,,1,256,,,,,,,,,0.0419089,0.000761137,1.45675,64,16806,0.0,67224.0,24700.0,32913.0,523607.0,16806.0,0.0,0.0,0.0,0.0,0.0,0.0,0.0,5005.0,2579.0,1266.0,567.0,583.0,,,,,,16269.0,463.0,16806.0,16256.0,538.0,256.0,,,4,conflict_heavy (b=64),1,463.0,repair_rounds_total,1.6361083984375,10.03277587890625
br013.ib.bridges2.psc.edu,2026-05-01T11:26:45-0400,642911a,8.0,par_relaxed,batch_valid,3,10000,32,64,4.0,129,4,16384,16384,16384,0,1,0,0,0,16389,0,0,0,0,0,16384,0,0.5,5000000,0.000854404,0.244954,0.00451383,0.24044,0.00496225,0.00775952,0,0,66886.1,13,1,1,7800,255.0,0,256,255.0,255.0,255.0,32768,84162,7800,151213.0,7750.0,0.014993,0.0152918,0.214347,127,7800,,,,,,,,,,,,,,,,,,,,,,,,,,,,,,,,8,batch_valid (b=64),0,255.0,total_rounds,0.47607421875,0.0
br013.ib.bridges2.psc.edu,2026-05-01T11:26:45-0400,642911a,8.0,par_relaxed,conflict_heavy,3,10000,32,64,4.0,129,4,16384,16384,16384,0,1,256,256,1,1497519,1497519,16384,0,0,0,16384,0,0.5,5000000,0.000818268,0.950958,0.198986,0.751972,0.00539616,0.00762707,0,0,17228.9,11,1,1,32501,269.0,0,256,269.0,256.0,269.0,32768,79786,32471,319201.0,27319.0,0.104187,0.0160407,0.635594,128,32501,,,,,,,,,,,,,,,,,,,,,,,,,,,,,,,,8,conflict_heavy (b=64),0,269.0,total_rounds,1.98370361328125,91.40130615234375
br013.ib.bridges2.psc.edu,2026-05-01T11:26:45-0400,642911a,8.0,par_exact,batch_valid,3,10000,32,64,,33,4,16384,16384,16384,0,1,0,0,0,16389,0,0,0,0,0,16384,0,0.5,5000000,0.00184914,1.09835,0.00572853,1.09262,0.00527315,0.00733415,0,0,14916.9,13,1,1,6443,,0,256,,,,,,,,,0.002099,0.000433159,1.08477,64,6443,0.0,25772.0,6376.0,8490.0,204269.0,6443.0,0.0,0.0,0.0,0.0,0.0,0.0,0.0,5005.0,2579.0,1266.0,567.0,583.0,,,,,,6383.0,312.0,6443.0,6382.0,60.0,256.0,,,8,batch_valid (b=64),0,312.0,repair_rounds_total,0.39324951171875,0.0
br013.ib.bridges2.psc.edu,2026-05-01T11:26:45-0400,642911a,8.0,par_exact,conflict_heavy,3,10000,32,64,,33,4,16384,16384,16384,0,1,256,256,1,164377,164377,16384,0,0,0,16384,0,0.5,5000000,0.00182204,2.77206,0.0150581,2.757,0.00538081,0.00734676,0,0,5910.41,15,1,1,26806,,1,256,,,,,,,,,0.0080055,0.000745638,2.74187,64,16806,0.0,67224.0,24700.0,32913.0,523607.0,16806.0,0.0,0.0,0.0,0.0,0.0,0.0,0.0,5005.0,2579.0,1266.0,567.0,583.0,,,,,,16269.0,463.0,16806.0,16256.0,538.0,256.0,,,8,conflict_heavy (b=64),1,463.0,repair_rounds_total,1.6361083984375,10.03277587890625
br013.ib.bridges2.psc.edu,2026-05-01T11:26:45-0400,642911a,16.0,par_relaxed,batch_valid,3,10000,32,64,4.0,129,4,16384,16384,16384,0,1,0,0,0,16389,0,0,0,0,0,16384,0,0.5,5000000,0.000898688,0.292639,0.00450137,0.288138,0.00493458,0.00767106,0,0,55987.1,13,1,1,7800,255.0,0,256,255.0,255.0,255.0,32768,84162,7800,151213.0,7750.0,0.0147162,0.0762461,0.201295,127,7800,,,,,,,,,,,,,,,,,,,,,,,,,,,,,,,,16,batch_valid (b=64),0,255.0,total_rounds,0.47607421875,0.0
br013.ib.bridges2.psc.edu,2026-05-01T11:26:45-0400,642911a,16.0,par_relaxed,conflict_heavy,3,10000,32,64,4.0,129,4,16384,16384,16384,0,1,256,256,1,1497519,1497519,16384,0,0,0,16384,0,0.5,5000000,0.000865565,2.26105,0.585149,1.6759,0.00539589,0.0956696,0,0,7246.18,11,1,1,32501,269.0,0,256,269.0,256.0,269.0,32768,79786,32471,319201.0,27319.0,0.207305,0.102091,1.37017,128,32501,,,,,,,,,,,,,,,,,,,,,,,,,,,,,,,,16,conflict_heavy (b=64),0,269.0,total_rounds,1.98370361328125,91.40130615234375
br013.ib.bridges2.psc.edu,2026-05-01T11:26:45-0400,642911a,16.0,par_exact,batch_valid,3,10000,32,64,,33,4,16384,16384,16384,0,1,0,0,0,16389,0,0,0,0,0,16384,0,0.5,5000000,0.00186158,1.12508,0.00570349,1.11938,0.00522714,0.00738517,0,0,14562.5,13,1,1,6443,,0,256,,,,,,,,,0.00206219,0.000410331,1.11163,64,6443,0.0,25772.0,6376.0,8490.0,204269.0,6443.0,0.0,0.0,0.0,0.0,0.0,0.0,0.0,5005.0,2579.0,1266.0,567.0,583.0,,,,,,6383.0,312.0,6443.0,6382.0,60.0,256.0,,,16,batch_valid (b=64),0,312.0,repair_rounds_total,0.39324951171875,0.0
br013.ib.bridges2.psc.edu,2026-05-01T11:26:45-0400,642911a,16.0,par_exact,conflict_heavy,3,10000,32,64,,33,4,16384,16384,16384,0,1,256,256,1,164377,164377,16384,0,0,0,16384,0,0.5,5000000,0.00186242,6.54705,0.0214937,6.52556,0.00762246,0.0080052,0,0,2502.5,15,1,1,26806,,1,256,,,,,,,,,0.00848948,0.000989004,6.50751,64,16806,0.0,67224.0,24700.0,32913.0,523607.0,16806.0,0.0,0.0,0.0,0.0,0.0,0.0,0.0,5005.0,2579.0,1266.0,567.0,583.0,,,,,,16269.0,463.0,16806.0,16256.0,538.0,256.0,,,16,conflict_heavy (b=64),1,463.0,repair_rounds_total,1.6361083984375,10.03277587890625
